index,Sample_ID,KRAS,KRAS_binary
0,TCGA-3L-AA1B,WT,0.0
1,TCGA-4N-A93T,G12D,1.0
2,TCGA-4T-AA8H,G12V,1.0
3,TCGA-5M-AAT4,G12D,1.0
4,TCGA-5M-AAT5,G12D,1.0
5,TCGA-5M-AAT6,G12D,1.0
6,TCGA-5M-AATA,WT,0.0
7,TCGA-5M-AATE,G13D,1.0
8,TCGA-A6-2670,WT,0.0
9,TCGA-A6-2671,WT,0.0
10,TCGA-A6-2672,WT,0.0
11,TCGA-A6-2674,WT,0.0
12,TCGA-A6-2675,WT,0.0
13,TCGA-A6-2676,WT,0.0
14,TCGA-A6-2677,WT,0.0
15,TCGA-A6-2678,WT,0.0
16,TCGA-A6-2679,G12D,1.0
17,TCGA-A6-2680,K117N,1.0
18,TCGA-A6-2681,G12V,1.0
19,TCGA-A6-2682,G12D,1.0
20,TCGA-A6-2683,WT,0.0
21,TCGA-A6-2684,G12D,1.0
22,TCGA-A6-2685,Q61R,1.0
23,TCGA-A6-2686,WT,0.0
24,TCGA-A6-3807,WT,0.0
25,TCGA-A6-3808,G12D,1.0
26,TCGA-A6-3809,WT,0.0
27,TCGA-A6-3810,WT,0.0
28,TCGA-A6-4105,G12V,1.0
29,TCGA-A6-4107,G13D,1.0
30,TCGA-A6-5656,WT,0.0
31,TCGA-A6-5657,WT,0.0
32,TCGA-A6-5659,G12V,1.0
33,TCGA-A6-5660,WT,0.0
34,TCGA-A6-5661,WT,0.0
35,TCGA-A6-5662,G12V,1.0
36,TCGA-A6-5664,Q61R,1.0
37,TCGA-A6-5665,WT,0.0
38,TCGA-A6-5666,Q61H,1.0
39,TCGA-A6-5667,WT,0.0
40,TCGA-A6-6137,WT,0.0
41,TCGA-A6-6138,G13D,1.0
42,TCGA-A6-6140,NP,
43,TCGA-A6-6141,NP,
44,TCGA-A6-6142,WT,0.0
45,TCGA-A6-6648,WT,0.0
46,TCGA-A6-6649,WT,0.0
47,TCGA-A6-6650,WT,0.0
48,TCGA-A6-6651,WT,0.0
49,TCGA-A6-6652,WT,0.0
50,TCGA-A6-6653,WT,0.0
51,TCGA-A6-6654,G13C,1.0
52,TCGA-A6-6780,WT,0.0
53,TCGA-A6-6781,WT,0.0
54,TCGA-A6-6782,WT,0.0
55,TCGA-A6-A565,WT,0.0
56,TCGA-A6-A566,K117N,1.0
57,TCGA-A6-A567,G12C,1.0
58,TCGA-A6-A56B,WT,0.0
59,TCGA-A6-A5ZU,WT,0.0
60,TCGA-AA-3488,G12V,1.0
61,TCGA-AA-3489,WT,0.0
62,TCGA-AA-3492,WT,0.0
63,TCGA-AA-3494,WT,0.0
64,TCGA-AA-3495,WT,0.0
65,TCGA-AA-3496,WT,0.0
66,TCGA-AA-3502,G12D,1.0
67,TCGA-AA-3506,G13D,1.0
68,TCGA-AA-3509,WT,0.0
69,TCGA-AA-3510,WT,0.0
70,TCGA-AA-3511,G12D,1.0
71,TCGA-AA-3514,WT,0.0
72,TCGA-AA-3516,WT,0.0
73,TCGA-AA-3517,WT,0.0
74,TCGA-AA-3518,WT,0.0
75,TCGA-AA-3519,WT,0.0
76,TCGA-AA-3520,WT,0.0
77,TCGA-AA-3521,WT,0.0
78,TCGA-AA-3522,WT,0.0
79,TCGA-AA-3524,WT,0.0
80,TCGA-AA-3525,WT,0.0
81,TCGA-AA-3526,WT,0.0
82,TCGA-AA-3527,WT,0.0
83,TCGA-AA-3529,WT,0.0
84,TCGA-AA-3530,G12V,1.0
85,TCGA-AA-3531,WT,0.0
86,TCGA-AA-3532,WT,0.0
87,TCGA-AA-3534,WT,0.0
88,TCGA-AA-3538,WT,0.0
89,TCGA-AA-3542,WT,0.0
90,TCGA-AA-3543,WT,0.0
91,TCGA-AA-3544,WT,0.0
92,TCGA-AA-3548,WT,0.0
93,TCGA-AA-3549,WT,0.0
94,TCGA-AA-3552,WT,0.0
95,TCGA-AA-3553,WT,0.0
96,TCGA-AA-3554,WT,0.0
97,TCGA-AA-3555,A146T,1.0
98,TCGA-AA-3556,WT,0.0
99,TCGA-AA-3558,WT,0.0
100,TCGA-AA-3560,WT,0.0
101,TCGA-AA-3561,WT,0.0
102,TCGA-AA-3562,WT,0.0
103,TCGA-AA-3655,G12D,1.0
104,TCGA-AA-3660,A146T,1.0
105,TCGA-AA-3662,WT,0.0
106,TCGA-AA-3663,G13D,1.0
107,TCGA-AA-3664,WT,0.0
108,TCGA-AA-3666,WT,0.0
109,TCGA-AA-3667,WT,0.0
110,TCGA-AA-3672,Q61K,1.0
111,TCGA-AA-3673,G12D,1.0
112,TCGA-AA-3675,G12D,1.0
113,TCGA-AA-3678,WT,0.0
114,TCGA-AA-3679,WT,0.0
115,TCGA-AA-3680,G13D,1.0
116,TCGA-AA-3681,A146T,1.0
117,TCGA-AA-3684,WT,0.0
118,TCGA-AA-3685,WT,0.0
119,TCGA-AA-3688,WT,0.0
120,TCGA-AA-3692,WT,0.0
121,TCGA-AA-3693,WT,0.0
122,TCGA-AA-3695,G12D,1.0
123,TCGA-AA-3696,G12C,1.0
124,TCGA-AA-3697,WT,0.0
125,TCGA-AA-3710,WT,0.0
126,TCGA-AA-3712,WT,0.0
127,TCGA-AA-3713,WT,0.0
128,TCGA-AA-3715,G12D,1.0
129,TCGA-AA-3811,WT,0.0
130,TCGA-AA-3812,WT,0.0
131,TCGA-AA-3814,G12S,1.0
132,TCGA-AA-3815,WT,0.0
133,TCGA-AA-3818,G12D,1.0
134,TCGA-AA-3819,WT,0.0
135,TCGA-AA-3821,WT,0.0
136,TCGA-AA-3831,WT,0.0
137,TCGA-AA-3833,WT,0.0
138,TCGA-AA-3837,G12V,1.0
139,TCGA-AA-3841,G12D,1.0
140,TCGA-AA-3842,G13D,1.0
141,TCGA-AA-3844,G12V,1.0
142,TCGA-AA-3845,Q61K,1.0
143,TCGA-AA-3846,WT,0.0
144,TCGA-AA-3848,G12D,1.0
145,TCGA-AA-3850,WT,0.0
146,TCGA-AA-3851,G12D,1.0
147,TCGA-AA-3852,G12A,1.0
148,TCGA-AA-3854,G12V,1.0
149,TCGA-AA-3855,WT,0.0
150,TCGA-AA-3856,WT,0.0
151,TCGA-AA-3858,WT,0.0
152,TCGA-AA-3860,WT,0.0
153,TCGA-AA-3861,G12D,1.0
154,TCGA-AA-3862,G12V,1.0
155,TCGA-AA-3864,G12D,1.0
156,TCGA-AA-3866,WT,0.0
157,TCGA-AA-3867,WT,0.0
158,TCGA-AA-3869,WT,0.0
159,TCGA-AA-3870,G12D,1.0
160,TCGA-AA-3872,WT,0.0
161,TCGA-AA-3875,WT,0.0
162,TCGA-AA-3877,WT,0.0
163,TCGA-AA-3930,G12D,1.0
164,TCGA-AA-3939,G12D,1.0
165,TCGA-AA-3941,G12D,1.0
166,TCGA-AA-3947,WT,0.0
167,TCGA-AA-3949,WT,0.0
168,TCGA-AA-3950,WT,0.0
169,TCGA-AA-3952,WT,0.0
170,TCGA-AA-3955,WT,0.0
171,TCGA-AA-3956,WT,0.0
172,TCGA-AA-3966,WT,0.0
173,TCGA-AA-3967,G13D,1.0
174,TCGA-AA-3968,WT,0.0
175,TCGA-AA-3970,NP,
176,TCGA-AA-3971,WT,0.0
177,TCGA-AA-3972,WT,0.0
178,TCGA-AA-3973,WT,0.0
179,TCGA-AA-3975,R68S,1.0
180,TCGA-AA-3976,WT,0.0
181,TCGA-AA-3977,K117N,1.0
182,TCGA-AA-3979,A146T,1.0
183,TCGA-AA-3980,WT,0.0
184,TCGA-AA-3982,WT,0.0
185,TCGA-AA-3984,WT,0.0
186,TCGA-AA-3986,A146T,1.0
187,TCGA-AA-3989,WT,0.0
188,TCGA-AA-3994,G12D,1.0
189,TCGA-AA-A004,WT,0.0
190,TCGA-AA-A00A,G12D,1.0
191,TCGA-AA-A00D,WT,0.0
192,TCGA-AA-A00E,WT,0.0
193,TCGA-AA-A00F,WT,0.0
194,TCGA-AA-A00J,WT,0.0
195,TCGA-AA-A00K,G12V,1.0
196,TCGA-AA-A00L,WT,0.0
197,TCGA-AA-A00N,G13D,1.0
198,TCGA-AA-A00O,WT,0.0
199,TCGA-AA-A00Q,G12D,1.0
200,TCGA-AA-A00R,WT,0.0
201,TCGA-AA-A00U,WT,0.0
202,TCGA-AA-A00W,WT,0.0
203,TCGA-AA-A00Z,WT,0.0
204,TCGA-AA-A010,WT,0.0
205,TCGA-AA-A017,WT,0.0
206,TCGA-AA-A01C,WT,0.0
207,TCGA-AA-A01D,WT,0.0
208,TCGA-AA-A01F,G12V,1.0
209,TCGA-AA-A01G,K117N,1.0
210,TCGA-AA-A01I,G12V,1.0
211,TCGA-AA-A01K,G12V,1.0
212,TCGA-AA-A01P,WT,0.0
213,TCGA-AA-A01Q,WT,0.0
214,TCGA-AA-A01R,G13D,1.0
215,TCGA-AA-A01S,WT,0.0
216,TCGA-AA-A01T,WT,0.0
217,TCGA-AA-A01V,WT,0.0
218,TCGA-AA-A01X,G12V,1.0
219,TCGA-AA-A01Z,G12D,1.0
220,TCGA-AA-A022,WT,0.0
221,TCGA-AA-A024,WT,0.0
222,TCGA-AA-A029,G12V,1.0
223,TCGA-AA-A02E,G12V,1.0
224,TCGA-AA-A02F,WT,0.0
225,TCGA-AA-A02H,WT,0.0
226,TCGA-AA-A02J,WT,0.0
227,TCGA-AA-A02K,G12A,1.0
228,TCGA-AA-A02O,G12D,1.0
229,TCGA-AA-A02R,WT,0.0
230,TCGA-AA-A02W,G12C,1.0
231,TCGA-AA-A02Y,G12V,1.0
232,TCGA-AA-A03F,G12D,1.0
233,TCGA-AA-A03J,G12C,1.0
234,TCGA-AD-5900,WT,0.0
235,TCGA-AD-6548,G13D,1.0
236,TCGA-AD-6888,WT,0.0
237,TCGA-AD-6889,WT,0.0
238,TCGA-AD-6890,WT,0.0
239,TCGA-AD-6895,Q61K,1.0
240,TCGA-AD-6899,WT,0.0
241,TCGA-AD-6901,G12A,1.0
242,TCGA-AD-6963,WT,0.0
243,TCGA-AD-6964,A146T,1.0
244,TCGA-AD-6965,G12A,1.0
245,TCGA-AD-A5EJ,WT,0.0
246,TCGA-AD-A5EK,G12D,1.0
247,TCGA-AF-2687,WT,0.0
248,TCGA-AF-2689,WT,0.0
249,TCGA-AF-2690,WT,0.0
250,TCGA-AF-2691,WT,0.0
251,TCGA-AF-2692,WT,0.0
252,TCGA-AF-2693,WT,0.0
253,TCGA-AF-3400,WT,0.0
254,TCGA-AF-3911,WT,0.0
255,TCGA-AF-3912,NP,
256,TCGA-AF-3913,WT,0.0
257,TCGA-AF-3914,WT,0.0
258,TCGA-AF-4110,G12D,1.0
259,TCGA-AF-5654,G13D,1.0
260,TCGA-AF-6136,WT,0.0
261,TCGA-AF-6655,G13D,1.0
262,TCGA-AF-6672,G12V,1.0
263,TCGA-AF-6784,NP,
264,TCGA-AF-A56K,WT,0.0
265,TCGA-AF-A56L,WT,0.0
266,TCGA-AF-A56N,WT,0.0
267,TCGA-AG-3574,WT,0.0
268,TCGA-AG-3575,WT,0.0
269,TCGA-AG-3578,WT,0.0
270,TCGA-AG-3580,WT,0.0
271,TCGA-AG-3581,WT,0.0
272,TCGA-AG-3582,WT,0.0
273,TCGA-AG-3583,WT,0.0
274,TCGA-AG-3584,WT,0.0
275,TCGA-AG-3586,G12V,1.0
276,TCGA-AG-3587,WT,0.0
277,TCGA-AG-3591,G12V,1.0
278,TCGA-AG-3592,WT,0.0
279,TCGA-AG-3593,WT,0.0
280,TCGA-AG-3594,WT,0.0
281,TCGA-AG-3598,WT,0.0
282,TCGA-AG-3599,WT,0.0
283,TCGA-AG-3600,WT,0.0
284,TCGA-AG-3601,WT,0.0
285,TCGA-AG-3602,WT,0.0
286,TCGA-AG-3605,WT,0.0
287,TCGA-AG-3608,WT,0.0
288,TCGA-AG-3609,WT,0.0
289,TCGA-AG-3611,A146V,1.0
290,TCGA-AG-3612,WT,0.0
291,TCGA-AG-3725,WT,0.0
292,TCGA-AG-3726,G12V,1.0
293,TCGA-AG-3727,G13D,1.0
294,TCGA-AG-3728,WT,0.0
295,TCGA-AG-3731,G12V,1.0
296,TCGA-AG-3732,WT,0.0
297,TCGA-AG-3742,Q61H,1.0
298,TCGA-AG-3878,G12D,1.0
299,TCGA-AG-3881,WT,0.0
300,TCGA-AG-3882,WT,0.0
301,TCGA-AG-3883,WT,0.0
302,TCGA-AG-3885,K117N,1.0
303,TCGA-AG-3887,G12D,1.0
304,TCGA-AG-3890,WT,0.0
305,TCGA-AG-3891,WT,0.0
306,TCGA-AG-3892,E98*,1.0
307,TCGA-AG-3893,WT,0.0
308,TCGA-AG-3894,WT,0.0
309,TCGA-AG-3896,G12C,1.0
310,TCGA-AG-3898,WT,0.0
311,TCGA-AG-3901,A146T,1.0
312,TCGA-AG-3902,G13D,1.0
313,TCGA-AG-3906,WT,0.0
314,TCGA-AG-3909,A146T,1.0
315,TCGA-AG-3999,G12S,1.0
316,TCGA-AG-4001,WT,0.0
317,TCGA-AG-4005,G12V,1.0
318,TCGA-AG-4007,WT,0.0
319,TCGA-AG-4008,G12F,1.0
320,TCGA-AG-4009,NP,
321,TCGA-AG-4015,WT,0.0
322,TCGA-AG-4021,G12V,1.0
323,TCGA-AG-4022,WT,0.0
324,TCGA-AG-A002,WT,0.0
325,TCGA-AG-A008,G12V,1.0
326,TCGA-AG-A00C,G12V,1.0
327,TCGA-AG-A00H,A146T,1.0
328,TCGA-AG-A00Y,G12D,1.0
329,TCGA-AG-A011,WT,0.0
330,TCGA-AG-A014,G12S,1.0
331,TCGA-AG-A015,G12D,1.0
332,TCGA-AG-A016,WT,0.0
333,TCGA-AG-A01J,WT,0.0
334,TCGA-AG-A01L,WT,0.0
335,TCGA-AG-A01N,WT,0.0
336,TCGA-AG-A01W,G13D,1.0
337,TCGA-AG-A01Y,WT,0.0
338,TCGA-AG-A020,G12V,1.0
339,TCGA-AG-A023,G12C,1.0
340,TCGA-AG-A025,Q22K,1.0
341,TCGA-AG-A026,WT,0.0
342,TCGA-AG-A02G,WT,0.0
343,TCGA-AG-A02N,A146T,1.0
344,TCGA-AG-A02X,Q61L,1.0
345,TCGA-AG-A032,G12C,1.0
346,TCGA-AG-A036,WT,0.0
347,TCGA-AH-6544,G12V,1.0
348,TCGA-AH-6547,WT,0.0
349,TCGA-AH-6549,G12V,1.0
350,TCGA-AH-6643,WT,0.0
351,TCGA-AH-6644,G12D,1.0
352,TCGA-AH-6897,WT,0.0
353,TCGA-AH-6903,G12A,1.0
354,TCGA-AM-5820,WT,0.0
355,TCGA-AM-5821,WT,0.0
356,TCGA-AU-3779,WT,0.0
357,TCGA-AU-6004,WT,0.0
358,TCGA-AY-4070,WT,0.0
359,TCGA-AY-4071,WT,0.0
360,TCGA-AY-5543,G13D,1.0
361,TCGA-AY-6196,WT,0.0
362,TCGA-AY-6197,WT,0.0
363,TCGA-AY-6386,G12D,1.0
364,TCGA-AY-A54L,G12C,1.0
365,TCGA-AY-A69D,G12S,1.0
366,TCGA-AY-A71X,G12V,1.0
367,TCGA-AY-A8YK,WT,0.0
368,TCGA-AZ-4308,WT,0.0
369,TCGA-AZ-4313,G13D,1.0
370,TCGA-AZ-4315,A146T,1.0
371,TCGA-AZ-4323,WT,0.0
372,TCGA-AZ-4614,WT,0.0
373,TCGA-AZ-4615,WT,0.0
374,TCGA-AZ-4616,G12A,1.0
375,TCGA-AZ-4681,WT,0.0
376,TCGA-AZ-4682,WT,0.0
377,TCGA-AZ-4684,WT,0.0
378,TCGA-AZ-5403,WT,0.0
379,TCGA-AZ-5407,G12D,1.0
380,TCGA-AZ-6598,WT,0.0
381,TCGA-AZ-6599,G13D,1.0
382,TCGA-AZ-6600,G13D,1.0
383,TCGA-AZ-6601,G12D,1.0
384,TCGA-AZ-6603,WT,0.0
385,TCGA-AZ-6605,WT,0.0
386,TCGA-AZ-6606,G12V,1.0
387,TCGA-AZ-6607,G12C,1.0
388,TCGA-AZ-6608,G13D,1.0
389,TCGA-BM-6198,G12D,1.0
390,TCGA-CA-5254,WT,0.0
391,TCGA-CA-5255,G12V,1.0
392,TCGA-CA-5256,WT,0.0
393,TCGA-CA-5796,G12V,1.0
394,TCGA-CA-5797,WT,0.0
395,TCGA-CA-6715,WT,0.0
396,TCGA-CA-6716,G13D,1.0
397,TCGA-CA-6717,WT,0.0
398,TCGA-CA-6718,K117N Q22K,1.0
399,TCGA-CA-6719,WT,0.0
400,TCGA-CI-6619,WT,0.0
401,TCGA-CI-6620,G12D,1.0
402,TCGA-CI-6621,WT,0.0
403,TCGA-CI-6622,A11_G12dup,1.0
404,TCGA-CI-6623,WT,0.0
405,TCGA-CI-6624,WT,0.0
406,TCGA-CK-4947,G12A,1.0
407,TCGA-CK-4948,G12D,1.0
408,TCGA-CK-4950,G12D,1.0
409,TCGA-CK-4951,WT,0.0
410,TCGA-CK-4952,WT,0.0
411,TCGA-CK-5912,WT,0.0
412,TCGA-CK-5913,WT,0.0
413,TCGA-CK-5914,WT,0.0
414,TCGA-CK-5915,WT,0.0
415,TCGA-CK-5916,WT,0.0
416,TCGA-CK-6746,WT,0.0
417,TCGA-CK-6747,WT,0.0
418,TCGA-CK-6748,G12D,1.0
419,TCGA-CK-6751,G12D,1.0
420,TCGA-CL-4957,WT,0.0
421,TCGA-CL-5917,G12V,1.0
422,TCGA-CL-5918,WT,0.0
423,TCGA-CM-4743,WT,0.0
424,TCGA-CM-4744,G12S,1.0
425,TCGA-CM-4746,A146T,1.0
426,TCGA-CM-4747,G12C,1.0
427,TCGA-CM-4748,G12D,1.0
428,TCGA-CM-4750,WT,0.0
429,TCGA-CM-4751,G12D,1.0
430,TCGA-CM-4752,WT,0.0
431,TCGA-CM-5341,WT,0.0
432,TCGA-CM-5344,WT,0.0
433,TCGA-CM-5348,WT,0.0
434,TCGA-CM-5349,A146T,1.0
435,TCGA-CM-5860,WT,0.0
436,TCGA-CM-5861,WT,0.0
437,TCGA-CM-5862,WT,0.0
438,TCGA-CM-5863,G12D,1.0
439,TCGA-CM-5864,WT,0.0
440,TCGA-CM-5868,WT,0.0
441,TCGA-CM-6161,WT,0.0
442,TCGA-CM-6162,WT,0.0
443,TCGA-CM-6163,WT,0.0
444,TCGA-CM-6164,P34L,1.0
445,TCGA-CM-6165,WT,0.0
446,TCGA-CM-6166,A146T,1.0
447,TCGA-CM-6167,WT,0.0
448,TCGA-CM-6168,G13D,1.0
449,TCGA-CM-6169,WT,0.0
450,TCGA-CM-6170,WT,0.0
451,TCGA-CM-6171,WT,0.0
452,TCGA-CM-6172,WT,0.0
453,TCGA-CM-6674,G12D,1.0
454,TCGA-CM-6675,WT,0.0
455,TCGA-CM-6676,WT,0.0
456,TCGA-CM-6677,WT,0.0
457,TCGA-CM-6678,G12D,1.0
458,TCGA-CM-6679,WT,0.0
459,TCGA-CM-6680,WT,0.0
460,TCGA-D5-5537,A146T,1.0
461,TCGA-D5-5538,G12V,1.0
462,TCGA-D5-5539,G13D,1.0
463,TCGA-D5-5540,G12V,1.0
464,TCGA-D5-5541,WT,0.0
465,TCGA-D5-6529,G13D,1.0
466,TCGA-D5-6530,WT,0.0
467,TCGA-D5-6531,G12A,1.0
468,TCGA-D5-6532,G13D,1.0
469,TCGA-D5-6533,WT,0.0
470,TCGA-D5-6534,WT,0.0
471,TCGA-D5-6535,G12D,1.0
472,TCGA-D5-6536,G12R,1.0
473,TCGA-D5-6537,G12R,1.0
474,TCGA-D5-6538,G12V,1.0
475,TCGA-D5-6539,G12V,1.0
476,TCGA-D5-6540,WT,0.0
477,TCGA-D5-6541,G12D,1.0
478,TCGA-D5-6898,WT,0.0
479,TCGA-D5-6920,WT,0.0
480,TCGA-D5-6922,WT,0.0
481,TCGA-D5-6923,WT,0.0
482,TCGA-D5-6924,WT,0.0
483,TCGA-D5-6926,WT,0.0
484,TCGA-D5-6927,G13D,1.0
485,TCGA-D5-6928,WT,0.0
486,TCGA-D5-6929,WT,0.0
487,TCGA-D5-6930,WT,0.0
488,TCGA-D5-6931,G12D,1.0
489,TCGA-D5-6932,G12D,1.0
490,TCGA-D5-7000,Q61K,1.0
491,TCGA-DC-4745,WT,0.0
492,TCGA-DC-4749,WT,0.0
493,TCGA-DC-5337,WT,0.0
494,TCGA-DC-5869,WT,0.0
495,TCGA-DC-6154,WT,0.0
496,TCGA-DC-6155,G12S,1.0
497,TCGA-DC-6156,WT,0.0
498,TCGA-DC-6157,WT,0.0
499,TCGA-DC-6158,WT,0.0
500,TCGA-DC-6160,A59T,1.0
501,TCGA-DC-6681,G12V,1.0
502,TCGA-DC-6682,WT,0.0
503,TCGA-DC-6683,G12C,1.0
504,TCGA-DM-A0X9,G13D,1.0
505,TCGA-DM-A0XD,G13D,1.0
506,TCGA-DM-A0XF,WT,0.0
507,TCGA-DM-A1D0,G12V,1.0
508,TCGA-DM-A1D4,G12C,1.0
509,TCGA-DM-A1D6,G12C,1.0
510,TCGA-DM-A1D7,A146V,1.0
511,TCGA-DM-A1D8,G13D,1.0
512,TCGA-DM-A1D9,G13D,1.0
513,TCGA-DM-A1DA,WT,0.0
514,TCGA-DM-A1DB,WT,0.0
515,TCGA-DM-A1HA,G12C,1.0
516,TCGA-DM-A1HB,WT,0.0
517,TCGA-DM-A280,G12S,1.0
518,TCGA-DM-A282,G12D,1.0
519,TCGA-DM-A285,L19F,1.0
520,TCGA-DM-A286,NP,
521,TCGA-DM-A288,G13D,1.0
522,TCGA-DM-A28A,G12D,1.0
523,TCGA-DM-A28C,WT,0.0
524,TCGA-DM-A28E,G12V,1.0
525,TCGA-DM-A28F,WT,0.0
526,TCGA-DM-A28G,Q61H,1.0
527,TCGA-DM-A28H,WT,0.0
528,TCGA-DM-A28K,G12D,1.0
529,TCGA-DM-A28M,G12V,1.0
530,TCGA-DT-5265,WT,0.0
531,TCGA-DY-A0XA,WT,0.0
532,TCGA-DY-A1DC,WT,0.0
533,TCGA-DY-A1DD,WT,0.0
534,TCGA-DY-A1DE,WT,0.0
535,TCGA-DY-A1DF,G13D,1.0
536,TCGA-DY-A1DG,WT,0.0
537,TCGA-DY-A1H8,G12C,1.0
538,TCGA-EF-5830,G12V,1.0
539,TCGA-EF-5831,WT,0.0
540,TCGA-EI-6506,WT,0.0
541,TCGA-EI-6507,G12D,1.0
542,TCGA-EI-6508,WT,0.0
543,TCGA-EI-6509,WT,0.0
544,TCGA-EI-6510,G12D,1.0
545,TCGA-EI-6511,WT,0.0
546,TCGA-EI-6512,G13D,1.0
547,TCGA-EI-6513,WT,0.0
548,TCGA-EI-6514,WT,0.0
549,TCGA-EI-6881,G12A,1.0
550,TCGA-EI-6882,G12D,1.0
551,TCGA-EI-6883,WT,0.0
552,TCGA-EI-6884,WT,0.0
553,TCGA-EI-6885,WT,0.0
554,TCGA-EI-6917,WT,0.0
555,TCGA-EI-7002,G12V,1.0
556,TCGA-EI-7004,WT,0.0
557,TCGA-F4-6459,WT,0.0
558,TCGA-F4-6460,WT,0.0
559,TCGA-F4-6461,G12D,1.0
560,TCGA-F4-6463,A146T,1.0
561,TCGA-F4-6569,WT,0.0
562,TCGA-F4-6570,WT,0.0
563,TCGA-F4-6703,G12D,1.0
564,TCGA-F4-6704,WT,0.0
565,TCGA-F4-6805,Q61P Y71C,1.0
566,TCGA-F4-6806,G12V,1.0
567,TCGA-F4-6807,G12V,1.0
568,TCGA-F4-6808,WT,0.0
569,TCGA-F4-6809,WT,0.0
570,TCGA-F4-6854,G12V,1.0
571,TCGA-F4-6855,G12V,1.0
572,TCGA-F4-6856,A146T,1.0
573,TCGA-F4-6857,NP,
574,TCGA-F5-6464,WT,0.0
575,TCGA-F5-6465,WT,0.0
576,TCGA-F5-6571,G13D,1.0
577,TCGA-F5-6702,WT,0.0
578,TCGA-F5-6810,WT,0.0
579,TCGA-F5-6811,WT,0.0
580,TCGA-F5-6812,G12A,1.0
581,TCGA-F5-6813,WT,0.0
582,TCGA-F5-6814,WT,0.0
583,TCGA-F5-6861,G12V,1.0
584,TCGA-F5-6863,WT,0.0
585,TCGA-F5-6864,WT,0.0
586,TCGA-G4-6293,WT,0.0
587,TCGA-G4-6294,G12S,1.0
588,TCGA-G4-6295,WT,0.0
589,TCGA-G4-6297,G12S,1.0
590,TCGA-G4-6298,WT,0.0
591,TCGA-G4-6299,WT,0.0
592,TCGA-G4-6302,WT,0.0
593,TCGA-G4-6303,WT,0.0
594,TCGA-G4-6304,G13D,1.0
595,TCGA-G4-6306,WT,0.0
596,TCGA-G4-6307,WT,0.0
597,TCGA-G4-6309,WT,0.0
598,TCGA-G4-6310,WT,0.0
599,TCGA-G4-6311,WT,0.0
600,TCGA-G4-6314,K117N,1.0
601,TCGA-G4-6315,WT,0.0
602,TCGA-G4-6317,WT,0.0
603,TCGA-G4-6317-02,WT,0.0
604,TCGA-G4-6320,G12D G13D,1.0
605,TCGA-G4-6321,WT,0.0
606,TCGA-G4-6322,WT,0.0
607,TCGA-G4-6323,G13D,1.0
608,TCGA-G4-6586,WT,0.0
609,TCGA-G4-6588,WT,0.0
610,TCGA-G4-6625,G12S,1.0
611,TCGA-G4-6626,WT,0.0
612,TCGA-G4-6627,G12V,1.0
613,TCGA-G4-6628,WT,0.0
614,TCGA-G5-6233,G12C G12V,1.0
615,TCGA-G5-6235,G13D,1.0
616,TCGA-G5-6572,G12S,1.0
617,TCGA-G5-6572-02,G12S,1.0
618,TCGA-G5-6641,WT,0.0
619,TCGA-NH-A50T,WT,0.0
620,TCGA-NH-A50U,WT,0.0
621,TCGA-NH-A50V,G12V,1.0
622,TCGA-NH-A5IV,A146T,1.0
623,TCGA-NH-A6GA,WT,0.0
624,TCGA-NH-A6GB,G13C,1.0
625,TCGA-NH-A6GC,G12V,1.0
626,TCGA-NH-A6GC-06,NP,
627,TCGA-NH-A8F7,WT,0.0
628,TCGA-NH-A8F7-06,WT,0.0
629,TCGA-NH-A8F8,G12V,1.0
630,TCGA-QG-A5YV,G12V,1.0
631,TCGA-QG-A5YW,WT,0.0
632,TCGA-QG-A5YX,WT,0.0
633,TCGA-QG-A5Z1,WT,0.0
634,TCGA-QG-A5Z2,WT,0.0
635,TCGA-QL-A97D,G12D,1.0
636,TCGA-RU-A8FL,WT,0.0
637,TCGA-SS-A7HO,G12A,1.0
638,TCGA-T9-A92H,WT,0.0
639,TCGA-WS-AB45,WT,0.0
